,peptide,pdb_code,BA,fname,complex_number,alt_conf,resolution,3pHLA-score,vina-score,vinardo-score,ad4_scoring-score,dope_score,path,foldx_score,GD_score
0,AAGIGILTV,3QFD,395,3QFD-2b_complex.pdb,2,b, 1.68,[0.33159973],-7.66833,-9.817960000000001,-50.918079999999996,"(-45332.65234375, 1362.5146484375)",/data/COMP590P/energy_analysis/Fixed_PDBs/3QFD-2b_complex.pdb,-11.046,"(259720.09399999998, -87.436)"
1,LLFGYPVYV,4E5X,3.8,4E5X-1_complex.pdb,1,a, 1.95,[0.56449166],-8.86559,-12.61647,-52.03132,"(-45189.19140625, 1972.84912109375)",/data/COMP590P/energy_analysis/Fixed_PDBs/4E5X-1_complex.pdb,-17.1534,"(263655.531, -94.292)"
2,ILKEPVHGV,2X4U,192.3,2X4U-2_complex.pdb,2,a, 2.1,[0.56597111],-7.595439999999999,-9.728069999999999,-59.62396,"(-44696.671875, 1371.7520751953125)",/data/COMP590P/energy_analysis/Fixed_PDBs/2X4U-2_complex.pdb,-2.76745,"(258536.625, 358.839)"
3,LLFGYPVYV,2AV1,3.8,2AV1-2_complex.pdb,2,a, 1.95,[0.54672185],-9.12007,-13.3307,-60.26314,"(-45773.51953125, 2029.514404296875)",/data/COMP590P/energy_analysis/Fixed_PDBs/2AV1-2_complex.pdb,-20.1871,"(268156.5, 866.217)"
4,LLFGYPVYV,5IRO,3.8,5IRO-2O_complex.pdb,2,a, 2.64,[0.56909853],-5.1094,-6.6063,-23.62013,"(-37164.16796875, 1827.47119140625)",/data/COMP590P/energy_analysis/Fixed_PDBs/5IRO-2O_complex.pdb,2.37047,"(227818.109, 237.99400000000003)"
5,ETLNEYKQL,NA6P,>70000,NA6P_complex.pdb,1,a,-,[0.17869484],-7.00214,-10.10812,-54.72781,"(-43156.00390625, 1327.173583984375)",/data/COMP590P/energy_analysis/Fixed_PDBs/NA6P_complex.pdb,-9.52336,"(276986.469, -141.145)"
6,EAAGIGILTV,2GT9,14560,2GT9-2_complex.pdb,2,a,1.75,[0.44224741],-8.30754,-11.404639999999999,-73.39983000000001,"(-45318.28125, 1414.2908935546875)",/data/COMP590P/energy_analysis/Fixed_PDBs/2GT9-2_complex.pdb,-12.2928,"(257032.28100000002, -97.811)"
7,LLFGYPVYV,4FTV,3.8,4FTV-1_complex.pdb,1,a, 2.74,[0.55190092],-9.938410000000001,-14.317670000000001,-61.3685,"(-45105.1484375, 1950.5146484375)",/data/COMP590P/energy_analysis/Fixed_PDBs/4FTV-1_complex.pdb,-18.4795,"(276273.562, 165.292)"
8,LLFGYPVYV,2AV1,3.8,2AV1-1_complex.pdb,1,a, 1.95,[0.55873277],-9.18351,-13.08367,-61.55481999999999,"(-45707.3203125, 2031.3359375)",/data/COMP590P/energy_analysis/Fixed_PDBs/2AV1-1_complex.pdb,-15.3555,"(273503.0, 532.6659999999999)"
9,LLFGYPVYV,4E5X,3.8,4E5X-2_complex.pdb,2,a, 1.95,[0.5642401],-9.89666,-14.32921,-71.4986,"(-44920.484375, 1959.400146484375)",/data/COMP590P/energy_analysis/Fixed_PDBs/4E5X-2_complex.pdb,-15.0558,"(265371.562, -147.371)"
10,ILKEPVHGV,2X4U,192.3,2X4U-1a_complex.pdb,1,a, 2.1,[0.56699781],-8.46441,-12.08507,-61.23341,"(-44951.94921875, 1422.9677734375)",/data/COMP590P/energy_analysis/Fixed_PDBs/2X4U-1a_complex.pdb,-9.51947,"(257416.875, 642.7909999999999)"
11,CINGVCWTV,3MRG,55,3MRG-1a_complex.pdb,1,a,1.3,[0.48375956],-8.746260000000001,-11.04353,-57.78925,"(-45412.8984375, 1740.089599609375)",/data/COMP590P/energy_analysis/Fixed_PDBs/3MRG-1a_complex.pdb,-7.19066,"(261850.453, 28.0)"
12,SLLMWITQC,2BNR,21070,2BNR-1_complex.pdb,1,a, 1.9,[0.55236743],-7.3796800000000005,-10.42395,-56.471959999999996,"(-44676.51171875, 1629.1771240234375)",/data/COMP590P/energy_analysis/Fixed_PDBs/2BNR-1_complex.pdb,-12.3961,"(264535.906, 980.443)"
13,LLFGYPVYV,1DUZ,3.8,1DUZ-2_complex.pdb,2,a, 1.8,[0.55909255],-8.13027,-12.25949,-46.61925,"(-44702.98046875, 1897.741943359375)",/data/COMP590P/energy_analysis/Fixed_PDBs/1DUZ-2_complex.pdb,-14.4928,"(269215.5, 966.449)"
14,SLLMWITQC,1S9W,21070,1S9W-1_complex.pdb,1,a,2.2,[0.55802324],-7.72232,-10.3018,-62.607730000000004,"(-44622.68359375, 1764.635498046875)",/data/COMP590P/energy_analysis/Fixed_PDBs/1S9W-1_complex.pdb,-9.91767,"(262524.5, 191.398)"
15,EAAGIGILTV,4QOK,14560,4QOK-1_complex.pdb,1,a, 3,[0.46538702],-7.580210000000001,-10.1043,-46.22777,"(-43035.40625, 1387.2587890625)",/data/COMP590P/energy_analysis/Fixed_PDBs/4QOK-1_complex.pdb,-8.38781,"(269720.125, -19.166)"
16,SLLMWITQC,2F53,21070,2F53-1_complex.pdb,1,a, 2.1,[0.54375795],-7.34475,-10.13768,-66.00466999999999,"(-45039.07421875, 1612.6932373046875)",/data/COMP590P/energy_analysis/Fixed_PDBs/2F53-1_complex.pdb,-14.8141,"(266067.031, 153.292)"
17,LLFGYPVYV,1HHK,3.8,1HHK-1_complex.pdb,1,a,2.5,[0.54409603],-9.1681,-13.715770000000001,-57.42066,"(-44867.46875, 1931.0556640625)",/data/COMP590P/energy_analysis/Fixed_PDBs/1HHK-1_complex.pdb,-13.9491,"(266505.312, 665.2510000000001)"
18,ALWGFFPVL,2J8U,2.7,2J8U-1_complex.pdb,1,a, 2.88,[0.54210702],-10.141119999999999,-13.2883,-71.86989,"(-45103.9453125, 2073.372802734375)",/data/COMP590P/energy_analysis/Fixed_PDBs/2J8U-1_complex.pdb,-20.2247,"(260028.297, 289.51)"
19,FLPSDFFPSV,3OX8,0.57,3OX8-1_complex.pdb,1,a, 2.16,[0.53621179],-9.50435,-13.384360000000001,-74.94506,"(-45356.2890625, 1937.515380859375)",/data/COMP590P/energy_analysis/Fixed_PDBs/3OX8-1_complex.pdb,-13.3812,"(257081.641, 405.423)"
20,LLFGYPVYV,5IRO,3.8,5IRO-3O_complex.pdb,3,a, 2.64,[0.56952122],-5.86566,-7.65727,-23.24126,"(-34300.125, 1823.501220703125)",/data/COMP590P/energy_analysis/Fixed_PDBs/5IRO-3O_complex.pdb,0.63342,"(246494.266, -28.38)"
21,FLPSDFFPSV,1HHH,0.57,1HHH-1_complex.pdb,1,a,3,[0.54152054],-9.38964,-12.63875,-79.03743,"(-45274.1640625, 2011.900634765625)",/data/COMP590P/energy_analysis/Fixed_PDBs/1HHH-1_complex.pdb,-15.4366,"(257844.71899999998, -128.731)"
22,LLFGYPVYV,1DUZ,3.8,1DUZ-1_complex.pdb,1,a, 1.8,[0.56064444],-9.40202,-13.650329999999999,-61.403290000000005,"(-44686.0390625, 1913.115966796875)",/data/COMP590P/energy_analysis/Fixed_PDBs/1DUZ-1_complex.pdb,-12.3757,"(269559.25, 607.757)"
23,AAEQRRSTI,NG7L,>70000,NG7L_complex.pdb,1,a,-,[0.14631187],-5.66904,-7.565169999999999,-50.118109999999994,"(-42288.70703125, 902.734130859375)",/data/COMP590P/energy_analysis/Fixed_PDBs/NG7L_complex.pdb,-2.92008,"(271579.688, -92.335)"
24,AAGIGILTV,3QFD,395,3QFD-1_complex.pdb,1,a, 1.68,[0.33995758],-7.862939999999999,-10.12589,-54.79255,"(-45401.23828125, 1419.767333984375)",/data/COMP590P/energy_analysis/Fixed_PDBs/3QFD-1_complex.pdb,-13.2675,"(262252.156, -75.344)"
25,RQISQDVKL,4NO5,1925,4NO5-1_complex.pdb,1,a,2.1,[0.25211609],-7.025510000000001,-10.93276,-56.63089,"(-44737.9375, 1304.8714599609375)",/data/COMP590P/energy_analysis/Fixed_PDBs/4NO5-1_complex.pdb,-10.023,"(257682.28100000002, -19.276)"
26,RGPGRAFVTI,3DMM,4600,3DMM-1_complex.pdb,1,a, 2.6,[0.15842443],-7.290430000000001,-9.33542,-56.627140000000004,"(-43688.8828125, 1408.25244140625)",/data/COMP590P/energy_analysis/Fixed_PDBs/3DMM-1_complex.pdb,-11.0897,"(268062.219, 30.719)"
27,SLLMWITQC,2P5E,21070,2P5E-1b_complex.pdb,1,b, 1.89,[0.54871211],-6.87662,-8.93711,-60.98498000000001,"(-45445.55078125, 1634.9854736328125)",/data/COMP590P/energy_analysis/Fixed_PDBs/2P5E-1b_complex.pdb,-11.8455,"(257466.688, 819.932)"
28,LLFGYPVYV,1HHK,3.8,1HHK-2_complex.pdb,2,a,2.5,[0.54255981],-9.25255,-13.691429999999999,-58.65725,"(-45028.76953125, 1931.81103515625)",/data/COMP590P/energy_analysis/Fixed_PDBs/1HHK-2_complex.pdb,-12.0413,"(266404.969, 872.937)"
29,AAGIGILTV,3QEQ,395,3QEQ-1_complex.pdb,1,a, 2.6,[0.3471991],-8.14378,-11.48359,-45.85046,"(-44599.64453125, 1412.554443359375)",/data/COMP590P/energy_analysis/Fixed_PDBs/3QEQ-1_complex.pdb,-11.238,"(268199.094, -92.395)"
30,AAGIGILTV,3QFD,395,3QFD-2a_complex.pdb,2,a, 1.68,[0.32586439],-7.6987,-9.64451,-53.73848,"(-45332.703125, 1360.1995849609375)",/data/COMP590P/energy_analysis/Fixed_PDBs/3QFD-2a_complex.pdb,-10.5825,"(259713.875, -94.439)"
31,LLFGYPVYV,5IRO,3.8,5IRO-5O_complex.pdb,5,a, 2.64,[0.56777696],-6.02311,-8.10721,-18.591279999999998,"(-34525.80078125, 1815.294677734375)",/data/COMP590P/energy_analysis/Fixed_PDBs/5IRO-5O_complex.pdb,-0.315408,"(252684.53100000002, 56.784)"
32,AAGIGILTV,2GUO,395,2GUO-2b_complex.pdb,2,b,1.9,[0.34452154],-7.142469999999999,-9.76103,-37.83735,"(-45080.9140625, 1392.508056640625)",/data/COMP590P/energy_analysis/Fixed_PDBs/2GUO-2b_complex.pdb,-9.88896,"(261048.625, -82.689)"
33,ALWGFFPVL,2UWE,2.7,2UWE-2_complex.pdb,2,a, 2.4,[0.54552896],-10.302999999999999,-13.91402,-71.72612,"(-45550.5, 2043.30419921875)",/data/COMP590P/energy_analysis/Fixed_PDBs/2UWE-2_complex.pdb,-18.3063,"(263407.094, 18.246)"
34,AAGIGILTV,3QDJ,395,3QDJ-1_complex.pdb,1,a, 2.3,[0.33331918],-7.93859,-9.81985,-51.265229999999995,"(-44874.9375, 1407.248291015625)",/data/COMP590P/energy_analysis/Fixed_PDBs/3QDJ-1_complex.pdb,-11.9051,"(261600.062, 264.058)"
35,ALWGFFPVL,1B0G,2.7,1B0G-2_complex.pdb,2,a,2.5,[0.55190164],-9.73782,-12.98038,-73.40545999999999,"(-44985.5859375, 2041.29345703125)",/data/COMP590P/energy_analysis/Fixed_PDBs/1B0G-2_complex.pdb,-13.0623,"(266853.562, 770.94)"
36,SLLMWITQC,2PYE,21070,2PYE-1_complex.pdb,1,a, 2.3,[0.55188901],-6.888739999999999,-8.89805,-52.899840000000005,"(-44137.69921875, 1580.461181640625)",/data/COMP590P/energy_analysis/Fixed_PDBs/2PYE-1_complex.pdb,-13.0267,"(259683.78100000002, 472.60900000000004)"
37,ILKEPVHGV,1HHJ,192.3,1HHJ-1_complex.pdb,1,a,2.5,[0.54217805],-8.51752,-12.46542,-59.693830000000005,"(-44423.24609375, 1444.790771484375)",/data/COMP590P/energy_analysis/Fixed_PDBs/1HHJ-1_complex.pdb,-8.93704,"(257808.172, 706.347)"
38,ILKEPVHGV,1HHJ,192.3,1HHJ-2_complex.pdb,2,a,2.5,[0.5443956],-8.10942,-11.96439,-52.696290000000005,"(-44381.1328125, 1435.5469970703125)",/data/COMP590P/energy_analysis/Fixed_PDBs/1HHJ-2_complex.pdb,-7.17168,"(257989.21899999998, 775.5269999999999)"
39,RGPGRAFVTI,5IVX,4600,5IVX-1_complex.pdb,1,a, 2.1,[0.17922591],-9.09258,-13.4287,-62.01785,"(-44198.26171875, 1460.122802734375)",/data/COMP590P/energy_analysis/Fixed_PDBs/5IVX-1_complex.pdb,-9.83155,"(268428.094, -9.561)"
40,SLLMWITQC,2P5E,21070,2P5E-1a_complex.pdb,1,a, 1.89,[0.54684966],-6.67669,-8.52707,-59.04853000000001,"(-45460.86328125, 1639.4237060546875)",/data/COMP590P/energy_analysis/Fixed_PDBs/2P5E-1a_complex.pdb,-9.8589,"(257466.703, 820.403)"
41,RGPGRAFVTI,1DDH,4600,1DDH-1_complex.pdb,1,a, 3.1,[0.15145116],-5.59644,-6.47329,-50.227959999999996,"(-41235.78125, 1338.4599609375)",/data/COMP590P/energy_analysis/Fixed_PDBs/1DDH-1_complex.pdb,8.98429,"(260508.59399999998, 1313.601)"
42,FLPSDFFPSV,3OXS,0.57,3OXS-1_complex.pdb,1,a, 1.75,[0.53895761],-10.2071,-14.40988,-79.75856999999999,"(-45690.7265625, 2031.21240234375)",/data/COMP590P/energy_analysis/Fixed_PDBs/3OXS-1_complex.pdb,-19.9259,"(256423.625, 791.45)"
43,ILKEPVHGV,1P7Q,192.3,1P7Q-1_complex.pdb,1,a, 3.4,[0.56528452],-6.52575,-6.573460000000001,-49.42857,"(-40669.859375, 1381.3720703125)",/data/COMP590P/energy_analysis/Fixed_PDBs/1P7Q-1_complex.pdb,11.5435,"(258809.15600000002, 117.094)"
44,LLFGYPVYV,2AV7,3.8,2AV7-2_complex.pdb,2,a, 2.05,[0.54551186],-9.1676,-13.38844,-59.449259999999995,"(-45735.16796875, 1998.56298828125)",/data/COMP590P/energy_analysis/Fixed_PDBs/2AV7-2_complex.pdb,-18.7977,"(272724.219, 1041.1660000000002)"
45,LLFGYPVYV,5IRO,3.8,5IRO-4O_complex.pdb,4,a, 2.64,[0.56953173],-5.89675,-7.8894,-22.435760000000002,"(-36809.75390625, 1819.74462890625)",/data/COMP590P/energy_analysis/Fixed_PDBs/5IRO-4O_complex.pdb,-2.4283200000000003,"(270847.25, 349.925)"
46,ALWGFFPVL,1B0G,2.7,1B0G-1_complex.pdb,1,a,2.5,[0.55060963],-9.72283,-13.01935,-72.0544,"(-45109.8046875, 2050.427490234375)",/data/COMP590P/energy_analysis/Fixed_PDBs/1B0G-1_complex.pdb,-17.0653,"(266677.938, 750.077)"
47,ALWGFFPVL,2JCC,2.7,2JCC-1_complex.pdb,1,a, 2.5,[0.54120343],-9.7801,-13.870270000000001,-60.10496,"(-44537.0390625, 1975.24072265625)",/data/COMP590P/energy_analysis/Fixed_PDBs/2JCC-1_complex.pdb,-20.9735,"(262710.094, 469.31300000000005)"
48,ALWGFFPVL,1LP9,2.7,1LP9-2_complex.pdb,2,a, 2,[0.54842053],-10.21632,-14.412920000000002,-66.07101,"(-45489.359375, 2035.025634765625)",/data/COMP590P/energy_analysis/Fixed_PDBs/1LP9-2_complex.pdb,-16.5805,"(259601.547, -80.545)"
49,CINGVCWTV,3MRG,55,3MRG-1b_complex.pdb,1,b,1.3,[0.49391075],-9.45885,-12.19287,-68.16511,"(-45442.28125, 1769.10009765625)",/data/COMP590P/energy_analysis/Fixed_PDBs/3MRG-1b_complex.pdb,-12.8964,"(261843.78100000002, 17.011)"
50,LLFGYPVYV,1IM3,3.8,1IM3-4_complex.pdb,4,a, 2.2,[0.55440771],-9.6971,-14.0393,-67.58229,"(-45584.6328125, 1975.74560546875)",/data/COMP590P/energy_analysis/Fixed_PDBs/1IM3-4_complex.pdb,-15.6149,"(266673.812, -173.2)"
51,ALWGFFPVL,1LP9,2.7,1LP9-1_complex.pdb,1,a, 2,[0.54353112],-10.34427,-14.314979999999998,-66.66196,"(-45548.58984375, 2029.214111328125)",/data/COMP590P/energy_analysis/Fixed_PDBs/1LP9-1_complex.pdb,-16.8909,"(257951.71899999998, 288.623)"
52,RGPGRAFVTI,1QO3,4600,1QO3-1_complex.pdb,1,a, 2.3,[0.16536027],-8.81875,-12.386389999999999,-62.38369,"(-44232.234375, 1444.0767822265625)",/data/COMP590P/energy_analysis/Fixed_PDBs/1QO3-1_complex.pdb,-13.1503,"(266719.188, 514.643)"
53,LLFGYPVYV,2AV7,3.8,2AV7-1_complex.pdb,1,a, 2.05,[0.55878657],-9.71383,-14.40138,-63.86383000000001,"(-45658.4375, 1988.183837890625)",/data/COMP590P/energy_analysis/Fixed_PDBs/2AV7-1_complex.pdb,-16.4186,"(277835.625, 761.83)"
54,LLFGYPVYV,3IXA,3.8,3IXA-2_complex.pdb,2,a, 2.1,[0.54269343],-10.16951,-15.042589999999999,-74.6008,"(-45767.6328125, 1946.5693359375)",/data/COMP590P/energy_analysis/Fixed_PDBs/3IXA-2_complex.pdb,-17.187,"(257121.438, -127.523)"
55,LLFGYPVYV,3IXA,3.8,3IXA-1_complex.pdb,1,a, 2.1,[0.54104594],-10.55947,-15.586329999999998,-74.11707,"(-45770.11328125, 1950.252685546875)",/data/COMP590P/energy_analysis/Fixed_PDBs/3IXA-1_complex.pdb,-18.8181,"(261744.047, -46.758)"
56,VLRDDLLEA,3FT4,365,3FT4-1_complex.pdb,1,a,1.9,[0.52722823],-7.388510000000001,-10.381219999999999,-59.787,"(-44809.65625, 1455.0072021484375)",/data/COMP590P/energy_analysis/Fixed_PDBs/3FT4-1_complex.pdb,-8.73955,"(253244.641, -207.41400000000002)"
57,FLPSDFFPSV,3OX8,0.57,3OX8-2_complex.pdb,2,a, 2.16,[0.54179911],-10.00845,-14.2696,-79.5732,"(-45482.65625, 1939.263427734375)",/data/COMP590P/energy_analysis/Fixed_PDBs/3OX8-2_complex.pdb,-13.4035,"(257945.266, 61.343)"
58,LLFGYPVYV,1IM3,3.8,1IM3-1_complex.pdb,1,a, 2.2,[0.55334596],-9.62523,-13.91603,-68.12489000000001,"(-45628.2109375, 1971.6474609375)",/data/COMP590P/energy_analysis/Fixed_PDBs/1IM3-1_complex.pdb,-15.4688,"(265881.906, -170.296)"
59,AAGIGILTV,2GUO,395,2GUO-2a_complex.pdb,2,a,1.9,[0.34425526],-7.12609,-9.63759,-37.59339,"(-45073.421875, 1387.030517578125)",/data/COMP590P/energy_analysis/Fixed_PDBs/2GUO-2a_complex.pdb,-9.56372,"(261048.40600000002, -81.169)"
60,ATKRYPGVM,NIMV,>70000,NIMV_complex.pdb,1,a,-,[0.09586104],-6.25694,-7.11619,-44.67985,"(-42457.73046875, 944.8531494140625)",/data/COMP590P/energy_analysis/Fixed_PDBs/NIMV_complex.pdb,-3.5884,"(272902.156, -69.757)"
61,ALWGFFPVL,2JCC,2.7,2JCC-2_complex.pdb,2,a, 2.5,[0.53883177],-9.65644,-13.38352,-62.1092,"(-44672.55078125, 1968.122802734375)",/data/COMP590P/energy_analysis/Fixed_PDBs/2JCC-2_complex.pdb,-21.1522,"(265213.656, 437.37300000000005)"
62,RGPGRAFVTI,1BII,4600,1BII-1_complex.pdb,1,a, 2.4,[0.1619403],-7.880039999999999,-10.69881,-42.62491,"(-41512.51953125, 1393.3367919921875)",/data/COMP590P/energy_analysis/Fixed_PDBs/1BII-1_complex.pdb,-4.69145,"(314793.969, 352.955)"
63,EIDVSEVKT,NG5R,>70000,NG5R_complex.pdb,1,a,-,[0.08743917],-6.374709999999999,-8.897969999999999,-45.51508,"(-43317.45703125, 1093.93603515625)",/data/COMP590P/energy_analysis/Fixed_PDBs/NG5R_complex.pdb,-11.4193,"(270388.062, -120.118)"
64,LLFGYPVYV,1IM3,3.8,1IM3-3_complex.pdb,3,a, 2.2,[0.55134988],-9.69679,-14.090179999999998,-67.8338,"(-45619.66796875, 1974.349365234375)",/data/COMP590P/energy_analysis/Fixed_PDBs/1IM3-3_complex.pdb,-15.1362,"(266412.625, -44.974)"
65,RGPGRAFVTI,3ECB,4600,3ECB-1O_complex.pdb,1,a,1.7,[0.18577563],-8.53392,-12.021230000000001,-64.92908,"(-44624.046875, 1402.9957275390625)",/data/COMP590P/energy_analysis/Fixed_PDBs/3ECB-1O_complex.pdb,-13.9021,"(261712.297, -131.68)"
66,LLFGYPVYV,1IM3,3.8,1IM3-2_complex.pdb,2,a, 2.2,[0.55030228],-9.61223,-13.93953,-66.85438,"(-45643.21875, 1976.661376953125)",/data/COMP590P/energy_analysis/Fixed_PDBs/1IM3-2_complex.pdb,-15.4531,"(265526.688, -169.1)"
67,ALWGFFPVL,2UWE,2.7,2UWE-1_complex.pdb,1,a, 2.4,[0.53637353],-10.29289,-14.12374,-68.6884,"(-45588.40234375, 2036.388916015625)",/data/COMP590P/energy_analysis/Fixed_PDBs/2UWE-1_complex.pdb,-18.7698,"(261785.125, 142.75)"
68,DAKRNSKSL,NEEV,>70000,NEEV_complex.pdb,1,a,-,[0.09026014],-6.24325,-8.11275,-43.589620000000004,"(-42317.55859375, 719.6521606445312)",/data/COMP590P/energy_analysis/Fixed_PDBs/NEEV_complex.pdb,-0.484432,"(278170.594, -91.415)"
69,LLFGYPVYV,1AO7,3.8,1AO7-1_complex.pdb,1,a, 2.6,[0.56476514],-9.323739999999999,-13.213120000000002,-79.10125,"(-43850.33984375, 1934.322509765625)",/data/COMP590P/energy_analysis/Fixed_PDBs/1AO7-1_complex.pdb,-19.0504,"(273412.656, -93.90799999999999)"
70,ILKEPVHGV,2X4U,192.3,2X4U-1b_complex.pdb,1,b, 2.1,[0.56698303],-8.33193,-11.74056,-59.37933,"(-44932.89453125, 1436.658447265625)",/data/COMP590P/energy_analysis/Fixed_PDBs/2X4U-1b_complex.pdb,-8.58204,"(257426.71899999998, 652.149)"
71,LLFGYPVYV,1BD2,3.8,1BD2-1_complex.pdb,1,a, 2.5,[0.56389288],-9.45807,-13.08613,-70.53419,"(-44424.83984375, 1924.419921875)",/data/COMP590P/energy_analysis/Fixed_PDBs/1BD2-1_complex.pdb,-14.0243,"(256789.78100000002, 1182.879)"
72,ALWGFFPVL,2J8U,2.7,2J8U-2_complex.pdb,2,a, 2.88,[0.54704751],-9.89837,-13.07023,-68.8644,"(-45214.1015625, 2063.813720703125)",/data/COMP590P/energy_analysis/Fixed_PDBs/2J8U-2_complex.pdb,-17.8527,"(258132.562, 432.20099999999996)"
73,EAAGIGILTV,2GT9,14560,2GT9-1_complex.pdb,1,a,1.75,[0.43507027],-8.566180000000001,-12.18741,-71.55426999999999,"(-45326.80859375, 1425.207763671875)",/data/COMP590P/energy_analysis/Fixed_PDBs/2GT9-1_complex.pdb,-14.8841,"(261025.109, -113.426)"
74,FLPSDFFPSV,3OXR,0.57,3OXR-1_complex.pdb,1,a, 1.7,[0.5468261],-9.85172,-13.66995,-79.88351999999999,"(-46026.37109375, 1998.3017578125)",/data/COMP590P/energy_analysis/Fixed_PDBs/3OXR-1_complex.pdb,-16.0759,"(257081.21899999998, -55.468999999999994)"
75,ILKEPVHGV,1AKJ,192.3,1AKJ-1_complex.pdb,1,a, 2.65,[0.56065503],-8.29547,-11.1999,-66.88644000000001,"(-44004.828125, 1462.0272216796875)",/data/COMP590P/energy_analysis/Fixed_PDBs/1AKJ-1_complex.pdb,-14.265999999999998,"(261405.5, 16.641)"
76,SLLMWITQC,2F54,21070,2F54-2_complex.pdb,2,a, 2.7,[0.56459175],-6.485609999999999,-8.59774,-49.01867,"(-43536.2578125, 1620.8382568359375)",/data/COMP590P/energy_analysis/Fixed_PDBs/2F54-2_complex.pdb,-12.3105,"(258994.562, 161.408)"
77,LLFGYPVYV,5IRO,3.8,5IRO-6O_complex.pdb,6,a, 2.64,[0.56388838],-5.6611199999999995,-6.38925,-43.203990000000005,"(-35238.41796875, 1854.300537109375)",/data/COMP590P/energy_analysis/Fixed_PDBs/5IRO-6O_complex.pdb,-2.82846,"(252059.172, 222.94400000000002)"
78,AAGIGILTV,2GUO,395,2GUO-1_complex.pdb,1,a,1.9,[0.34409796],-7.407839999999999,-9.897739999999999,-36.68002,"(-45112.5703125, 1405.6510009765625)",/data/COMP590P/energy_analysis/Fixed_PDBs/2GUO-1_complex.pdb,-12.5731,"(264489.875, -93.72399999999999)"
79,LLFGYPVYV,5IRO,3.8,5IRO-1O_complex.pdb,1,a, 2.64,[0.5619652],-5.2990699999999995,-6.726710000000001,-16.61786,"(-36893.703125, 1883.082275390625)",/data/COMP590P/energy_analysis/Fixed_PDBs/5IRO-1O_complex.pdb,-4.55766,"(274931.812, 29.148000000000003)"
80,SLLMWITQC,2P5W,21070,2P5W-1_complex.pdb,1,a, 2.2,[0.54803375],-6.76755,-9.16736,-56.03613000000001,"(-44858.078125, 1608.296630859375)",/data/COMP590P/energy_analysis/Fixed_PDBs/2P5W-1_complex.pdb,-9.67503,"(273255.938, 499.916)"
81,SLLMWITQC,2F54,21070,2F54-1_complex.pdb,1,a, 2.7,[0.55728667],-6.8811800000000005,-9.64558,-52.95511,"(-43689.02734375, 1630.257568359375)",/data/COMP590P/energy_analysis/Fixed_PDBs/2F54-1_complex.pdb,-12.5207,"(267029.594, 212.365)"
